Ticker,Name,SectA,AGILENT TECHNOLOGIES INC,Health CareAA,ALCOA CORP,MaterialsAAL,AMERICAN AIRLINES GROUP INC,IndustrialsAAP,ADVANCE AUTO PARTS INC,Consumer DiscretionaryAAPL,APPLE INC,Information TechnologyABBV,ABBVIE INC,Health CareABC,AMERISOURCEBERGEN CORP,Health CareABMD,ABIOMED INC.,Health CareABT,ABBOTT LABORATORIES,Health CareACAD,ACADIA PHARMACEUTICALS INC,Health CareACC,AMERICAN CAMPUS COMMUNITIES INC.,Real EstateACGL,ARCH CAPITAL GROUP LTD,FinancialsACHC,ACADIA HEALTHCARE CO INC,Health CareACM,AECOM,IndustrialsACN,ACCENTURE PLC,Information TechnologyADBE,ADOBE SYSTEM INC,Information TechnologyADI,ANALOG DEVICES INC,Information TechnologyADM,ARCHER DANIELS MIDLAND,Consumer StaplesADNT,ADIENT PLC,Consumer DiscretionaryADP,AUTOMATIC DATA PROCESSING INC,Information TechnologyADS,ALLIANCE DATA SYSTEMS CORP,Information TechnologyADSK,AUTODESK INC,Information TechnologyAEE,AMEREN CORP,UtilitiesAEP,AMERICAN ELECTRIC POWER INC,UtilitiesAES,AES CORP,UtilitiesAET,AETNA INC,Health CareAFG,AMERICAN FINANCIAL GROUP INC.,FinancialsAFL,AFLAC INC,FinancialsAFSI,AMTRUST FINANCIAL SERVICES INC.,FinancialsAGCO,AGCO CORP.,IndustrialsAGIO,AGIOS PHARMACEUTICALS INC,Health CareAGN,ALLERGAN,Health CareAGNC,AGNC INVESTMENT REIT CORP,FinancialsAGO,ASSURED GUARANTY LTD.,FinancialsAGR,AVANGRID INC,UtilitiesAHL,ASPEN INSURANCE HOLDINGS LTD.,FinancialsAIG,AMERICAN INTERNATIONAL GROUP INC,FinancialsAIV,APARTMENT INVESTMENT & MANAGEMENT,Real EstateAIZ,ASSURANT INC,FinancialsAJG,ARTHUR J GALLAGHER,FinancialsAKAM,AKAMAI TECHNOLOGIES INC,Information TechnologyAKRX,AKORN INC.,Health CareAL,AIR LEASE CORP.,IndustrialsALB,ALBEMARLE CORP.,MaterialsALGN,ALIGN TECHNOLOGY INC.,Health CareALK,ALASKA AIR GROUP INC,IndustrialsALKS,ALKERMES PLC,Health CareALL,ALLSTATE CORP,FinancialsALLE,ALLEGION PLC,IndustrialsALLY,ALLY FINANCIAL INC,FinancialsALNY,ALNYLAM PHARMACEUTICALS INC.,Health CareALR,ALERE INC,Health CareALSN,ALLISON TRANSMISSION HOLDINGS INC,IndustrialsALXN,ALEXION PHARMACEUTICALS INC,Health CareAMAT,APPLIED MATERIAL INC,Information TechnologyAMCX,AMC NETWORKS INC. CL A,Consumer DiscretionaryAME,AMETEK INC,IndustrialsAMG,AFFILIATED MANAGERS GROUP INC,FinancialsAMGN,AMGEN INC,Health CareAMH,AMERICAN HOMES RENT REIT CLASS A,Real EstateAMP,AMERIPRISE FINANCE INC,FinancialsAMT,AMERICAN TOWER REIT CORP,Real EstateAMTD,TD AMERITRADE HOLDING CORP,FinancialsAMZN,AMAZON COM INC,Consumer DiscretionaryAN,AUTONATION INC,Consumer DiscretionaryANAT,AMERICAN NATIONAL INSURANCE CO.,FinancialsANET,ARISTA NETWORKS INC,Information TechnologyANSS,ANSYS INC,Information TechnologyANTM,ANTHEM INC,Health CareAON,AON PLC,FinancialsAOS,A.O. SMITH CORP.,IndustrialsAPA,APACHE CORP,EnergyAPAM,ARTISAN PARTNERS ASSET MANAGEMENT,FinancialsAPC,ANADARKO PETROLEUM CORP,EnergyAPD,AIR PRODUCTS AND CHEMICALS INC,MaterialsAPH,AMPHENOL CORP CLASS A,Information TechnologyAPLE,APPLE HOSPITALITY REIT INC,Real EstateAQB,AQUABOUNTY TECHNOLOGIES INC,Health CareAR,ANTERO RESOURCES CORP,EnergyARE,ALEXANDRIA REAL ESTATE EQUITIES IN,Real EstateARMK,ARAMARK,Consumer DiscretionaryARNC,ARCONIC INC INC,IndustrialsARRS,ARRIS INTERNATIONAL PLC,Information TechnologyARW,ARROW ELECTRONICS INC,Information TechnologyASB,ASSOCIATED BANCORP,FinancialsASH,ASHLAND GLOBAL INC,MaterialsASIX,ADVANSIX INC,MaterialsATHN,ATHENAHEALTH INC.,Health CareATO,ATMOS ENERGY CORP.,UtilitiesATR,APTARGROUP INC.,MaterialsATVI,ACTIVISION BLIZZARD INC,Information TechnologyAVB,AVALONBAY COMMUNITIES REIT INC,Real EstateAVGO,BROADCOM LTD,Information TechnologyAVT,AVNET INC,Information TechnologyAVY,AVERY DENNISON CORP,MaterialsAWH,ALLIED WORLD ASSURANCE COMPANY HOL,FinancialsAWI,ARMSTRONG WORLD INDUSTRIES INC.,IndustrialsAWK,AMERICAN WATER WORKS INC,UtilitiesAXP,AMERICAN EXPRESS,FinancialsAXS,AXIS CAPITAL HOLDINGS LTD,FinancialsAXTA,AXALTA COATING SYSTEMS LTD,MaterialsAYI,ACUITY BRANDS INC.,IndustrialsAZO,AUTOZONE INC,Consumer DiscretionaryBA,BOEING,IndustrialsBAC,BANK OF AMERICA CORP,FinancialsBAH,BOOZ ALLEN HAMILTON HOLDING CORP C,IndustrialsBAX,BAXTER INTERNATIONAL INC,Health CareBBBY,BED BATH AND BEYOND INC,Consumer DiscretionaryBBT,BB AND T CORP,FinancialsBBY,BEST BUY INC,Consumer DiscretionaryBC,BRUNSWICK CORP,Consumer DiscretionaryBCR,C R BARD INC,Health CareBDN,BRANDYWINE REALTY TRUST REIT,Real EstateBDX,BECTON DICKINSON,Health CareBEAV,B E AEROSPACE INC,IndustrialsBEN,FRANKLIN RESOURCES INC,FinancialsBERY,BERRY PLASTICS GROUP INC.,MaterialsBF.A,BROWN-FORMAN CORP. CL A,Consumer StaplesBF.B,BROWN FORMAN CORP CLASS B,Consumer StaplesBG,BUNGE LTD,Consumer StaplesBHI,BAKER HUGHES INC,EnergyBIIB,BIOGEN INC,Health CareBIO,BIO-RAD LABORATORIES INC. CL A,Health CareBK,BANK OF NEW YORK MELLON CORP,FinancialsBKD,BROOKDALE SENIOR LIVING INC.,Health CareBKFS,BLACK KNIGHT FINANCIAL SERVICES IN,Information TechnologyBKU,BANKUNITED INC.,FinancialsBLK,BLACKROCK INC.,FinancialsBLKFDS,BLK CSH FND TREASURY SL AGENCY,Cash and/or DerivativesBLL,BALL CORP,MaterialsBMRN,BIOMARIN PHARMACEUTICAL INC,Health CareBMS,BEMIS INC,MaterialsBMY,BRISTOL MYERS SQUIBB,Health CareBOH,BANK OF HAWAII CORP.,FinancialsBOKF,BOK FINANCIAL CORP.,FinancialsBPOP,POPULAR INC.,FinancialsBR,BROADRIDGE FINANCIAL SOLUTIONS INC,Information TechnologyBRCD,BROCADE COMMUNICATIONS SYSTEMS INC,Information TechnologyBRKB,BERKSHIRE HATHAWAY INC CLASS B,FinancialsBRKR,BRUKER CORP.,Health CareBRO,BROWN & BROWN INC,FinancialsBRX,BRIXMOR PROPERTY GROUP INC,Real EstateBSX,BOSTON SCIENTIFIC CORP,Health CareBUFF,BLUE BUFFALO PET PRODUCTS INC,Consumer StaplesBURL,BURLINGTON STORES INC,Consumer DiscretionaryBWA,BORGWARNER INC,Consumer DiscretionaryBWXT,BWX TECHNOLOGIES INC,IndustrialsBXP,BOSTON PROPERTIES REIT INC,Real EstateC,CITIGROUP INC,FinancialsCA,CA INC,Information TechnologyCAA,CALATLANTIC GROUP INC,Consumer DiscretionaryCAB,CABELAS INC,Consumer DiscretionaryCABO,CABLE ONE INC,Consumer DiscretionaryCACC,CREDIT ACCEPTANCE CORP.,FinancialsCAG,CONAGRA BRANDS INC,Consumer StaplesCAH,CARDINAL HEALTH INC,Health CareCAR,AVIS BUDGET GROUP INC.,IndustrialsCASY,CASEYS GENERAL STORES INC.,Consumer StaplesCAT,CATERPILLAR INC,IndustrialsCB,CHUBB LTD,FinancialsCBG,CBRE GROUP INC,Real EstateCBI,CHICAGO BRIDGE & IRON COMPANY NV,IndustrialsCBOE,CBOE HOLDINGS INC.,FinancialsCBS,CBS CORP- CLASS B,Consumer DiscretionaryCBSH,COMMERCE BANCSHARES INC,FinancialsCBT,CABOT CORP.,MaterialsCCI,CROWN CASTLE INTERNATIONAL REIT CO,Real EstateCCK,CROWN HOLDINGS INC.,MaterialsCCL,CARNIVAL CORP,Consumer DiscretionaryCCO,CLEAR CHANNEL OUTDOOR HOLDINGS INC,Consumer DiscretionaryCCP,CARE CAPITAL PROPERTIES INC,Real EstateCDK,CDK GLOBAL INC,Information TechnologyCDNS,CADENCE DESIGN SYSTEMS INC,Information TechnologyCDW,CDW CORP,Information TechnologyCE,CELANESE CORP SERIES A,MaterialsCELG,CELGENE CORP,Health CareCERN,CERNER CORP,Health CareCF,CF INDUSTRIES HOLDINGS INC,MaterialsCFG,CITIZENS FINANCIAL GROUP INC,FinancialsCFR,CULLEN/FROST BANKERS INC.,FinancialsCFX,COLFAX CORP,IndustrialsCGNX,COGNEX CORP.,Information TechnologyCHD,CHURCH AND DWIGHT INC,Consumer StaplesCHH,CHOICE HOTELS INTERNATIONAL INC.,Consumer DiscretionaryCHK,CHESAPEAKE ENERGY CORP,EnergyCHRW,CH ROBINSON WORLDWIDE INC,IndustrialsCHTR,CHARTER COMMUNICATIONS INC CLASS A,Consumer DiscretionaryCHUBA,COMMERCEHUB SERIES A INC,Information TechnologyCHUBK,COMMERCEHUB SERIES C INC,Information TechnologyCI,CIGNA CORP,Health CareCIM,CHIMERA INVESTMENT CORP,FinancialsCINF,CINCINNATI FINANCIAL CORP,FinancialsCIT,CIT GROUP INC,FinancialsCL,COLGATE-PALMOLIVE,Consumer StaplesCLGX,CORELOGIC INC.,Information TechnologyCLH,CLEAN HARBORS INC.,IndustrialsCLNS,COLONY NORTHSTAR INC CLASS A,FinancialsCLR,CONTINENTAL RESOURCES INC,EnergyCLX,CLOROX,Consumer StaplesCMA,COMERICA INC,FinancialsCMCSA,COMCAST A CORP,Consumer DiscretionaryCME,CME GROUP INC CLASS A,FinancialsCMG,CHIPOTLE MEXICAN GRILL INC,Consumer DiscretionaryCMI,CUMMINS INC,IndustrialsCMP,COMPASS MINERALS INTERNATIONAL INC,MaterialsCMS,CMS ENERGY CORP,UtilitiesCNA,CNA FINANCIAL CORP,FinancialsCNC,CENTENE CORP.,Health CareCNDT,CONDUENT INC,Information TechnologyCNK,CINEMARK HOLDINGS INC.,Consumer DiscretionaryCNP,CENTERPOINT ENERGY INC,UtilitiesCNX,CONSOL ENERGY INC,EnergyCOF,CAPITAL ONE FINANCIAL CORP,FinancialsCOG,CABOT OIL & GAS CORP,EnergyCOH,COACH INC,Consumer DiscretionaryCOL,ROCKWELL COLLINS INC,IndustrialsCOMM,COMMSCOPE HOLDING INC,Information TechnologyCONE,CYRUSONE REIT INC,Real EstateCOO,COOPER COS.,Health CareCOP,CONOCOPHILLIPS,EnergyCOST,COSTCO WHOLESALE CORP,Consumer StaplesCOTY,COTY INC CLASS A,Consumer StaplesCPA,COPA HOLDINGS A SA,IndustrialsCPB,CAMPBELL SOUP,Consumer StaplesCPN,CALPINE CORP,UtilitiesCPRT,COPART INC.,IndustrialsCPT,CAMDEN PROPERTY TRUST REIT,Real EstateCR,CRANE,IndustrialsCREE,CREE INC,Information TechnologyCRI,CARTERS INC.,Consumer DiscretionaryCRL,CHARLES RIVER LABORATORIES INTERNA,Health CareCRM,SALESFORCE.COM INC,Information TechnologyCSAL,COMMUNICATIONS SALES AND LEASING I,Real EstateCSC,COMPUTER SCIENCES CORP,Information TechnologyCSCO,CISCO SYSTEMS INC,Information TechnologyCSGP,COSTAR GROUP INC.,Information TechnologyCSL,CARLISLE COS.,IndustrialsCSRA,CSRA INC,Information TechnologyCST,CST BRANDS INC.,Consumer DiscretionaryCSX,CSX CORP,IndustrialsCTAS,CINTAS CORP,IndustrialsCTL,CENTURYLINK INC,TelecommunicationsCTSH,COGNIZANT TECHNOLOGY SOLUTIONS COR,Information TechnologyCTXS,CITRIX SYSTEMS INC,Information TechnologyCUBE,CUBESMART,Real EstateCVA,COVANTA HOLDING CORP.,IndustrialsCVS,CVS HEALTH CORP,Consumer StaplesCVX,CHEVRON CORP,EnergyCXO,CONCHO RESOURCES INC,EnergyCXP,COLUMBIA PROPERTY REIT INC TRUST,Real EstateCXW,CORECIVIC INC,Real EstateCY,CYPRESS SEMICONDUCTOR CORP.,Information TechnologyD,DOMINION RESOURCES INC,UtilitiesDAL,DELTA AIR LINES INC,IndustrialsDATA,TABLEAU SOFTWARE INC CLASS A,Information TechnologyDCI,DONALDSON INC,IndustrialsDCT,DCT INDUSTRIAL TRUST REIT INC,Real EstateDD,E I DU PONT DE NEMOURS,MaterialsDDR,DDR CORP,Real EstateDDS,DILLARDS INC CLASS A,Consumer DiscretionaryDE,DEERE & CO,IndustrialsDEI,DOUGLAS EMMETT INC.,Real EstateDFIN,DONNELLEY FINANCIAL SOLUTIONS INC,FinancialsDFS,DISCOVER FINANCIAL SERVICES,FinancialsDG,DOLLAR GENERAL CORP,Consumer DiscretionaryDGX,QUEST DIAGNOSTICS INC,Health CareDHI,D R HORTON INC,Consumer DiscretionaryDHR,DANAHER CORP,Health CareDIS,WALT DISNEY,Consumer DiscretionaryDISCA,DISCOVERY COMMUNICATIONS-A,Consumer DiscretionaryDISCK,DISCOVERY COMMUNICATIONS-C,Consumer DiscretionaryDISH,DISH NETWORK CORP CLASS A,Consumer DiscretionaryDKS,DICKS SPORTING GOODS INC.,Consumer DiscretionaryDLB,DOLBY LABORATORIES INC. CL A,Information TechnologyDLPH,DELPHI AUTOMOTIVE PLC,Consumer DiscretionaryDLR,DIGITAL REALTY TRUST REIT INC TRUS,Real EstateDLTR,DOLLAR TREE INC,Consumer DiscretionaryDNB,DUN & BRADSTREET CORP,IndustrialsDNKN,DUNKIN BRANDS GROUP INC.,Consumer DiscretionaryDO,DIAMOND OFFSHORE DRILLING INC,EnergyDOV,DOVER CORP,IndustrialsDOW,DOW CHEMICAL,MaterialsDOX,AMDOCS LTD,Information TechnologyDPS,DR PEPPER SNAPPLE GROUP INC,Consumer StaplesDPZ,DOMINOS PIZZA INC.,Consumer DiscretionaryDRE,DUKE REALTY REIT CORP,Real EstateDRI,DARDEN RESTAURANTS INC,Consumer DiscretionaryDRQ,DRIL QUIP INC,EnergyDST,DST SYSTEMS INC,Information TechnologyDTE,DTE ENERGY,UtilitiesDUK,DUKE ENERGY CORP,UtilitiesDVA,DAVITA INC,Health CareDVMT,DELL TECHNOLOGIES CLASS V INC,Information TechnologyDVN,DEVON ENERGY CORP,EnergyDXCM,DEXCOM INC.,Health CareEA,ELECTRONIC ARTS INC,Information TechnologyEAT,BRINKER INTERNATIONAL INC.,Consumer DiscretionaryEBAY,EBAY INC,Information TechnologyECL,ECOLAB INC,MaterialsED,CONSOLIDATED EDISON INC,UtilitiesEEFT,EURONET WORLDWIDE INC.,Information TechnologyEFX,EQUIFAX INC,IndustrialsEGN,ENERGEN CORP.,EnergyEIX,EDISON INTERNATIONAL,UtilitiesEL,ESTEE LAUDER INC CLASS A,Consumer StaplesELS,EQUITY LIFESTYLE PROPERTIES INC.,Real EstateEMN,EASTMAN CHEMICAL,MaterialsEMR,EMERSON ELECTRIC,IndustrialsENDP,ENDO INTERNATIONAL PLC,Health CareENH,ENDURANCE SPECIALTY HOLDINGS LTD.,FinancialsENR,ENERGIZER HOLDINGS INC,Consumer StaplesEOG,EOG RESOURCES INC,EnergyEPC,EDGEWELL PERSONAL CARE,Consumer StaplesEPR,EPR PROPERTIES,Real EstateEQC,EQUITY COMMONWEALTH REIT,Real EstateEQIX,EQUINIX REIT INC,Real EstateEQR,EQUITY RESIDENTIAL REIT,Real EstateEQT,EQT CORP,EnergyEQY,EQUITY ONE INC.,Real EstateERIE,ERIE INDEMNITY CO. CL A,FinancialsES,EVERSOURCE ENERGY,UtilitiesESH7,S&P500 EMINI MAR 17,Cash and/or DerivativesESRT,EMPIRE STATE REALTY REIT CLASS A I,Real EstateESRX,EXPRESS SCRIPTS HOLDING CO,Health CareESS,ESSEX PROPERTY TRUST REIT INC,Real EstateESV,ENSCO PLC CLASS A,EnergyETFC,E*TRADE FINANCIAL CORP.,FinancialsETN,EATON CORPORATION PLC,IndustrialsETR,ENTERGY CORP,UtilitiesEV,EATON VANCE COM NON VOTING CORP,FinancialsEVHC,ENVISION HEALTHCARE CORP,Health CareEW,EDWARDS LIFESCIENCES CORP,Health CareEWBC,EAST WEST BANCORP INC.,FinancialsEXC,EXELON CORP,UtilitiesEXP,EAGLE MATERIALS INC,MaterialsEXPD,EXPEDITORS INTERNATIONAL OF WASHIN,IndustrialsEXPE,EXPEDIA INC,Consumer DiscretionaryEXR,EXTRA SPACE STORAGE INC.,Real EstateF,F MOTOR,Consumer DiscretionaryFAF,FIRST AMERICAN FINANCIAL CORP.,FinancialsFAH7,S&P MID 400 EMINI MAR 17,Cash and/or DerivativesFANG,DIAMONDBACK ENERGY INC,EnergyFAST,FASTENAL,IndustrialsFB,FACEBOOK CLASS A INC,Information TechnologyFBHS,FORTUNE BRANDS HOME & SECURITY INC,IndustrialsFCEA,FOREST CITY REALTY REIT CLASS A IN,Real EstateFCX,FREEPORT MCMORAN INC,MaterialsFDC,FIRST DATA CORP CLASS A,Information TechnologyFDS,FACTSET RESEARCH SYSTEMS INC.,FinancialsFDX,FEDEX CORP,IndustrialsFE,FIRSTENERGY CORP,UtilitiesFEYE,FIREEYE INC,Information TechnologyFFIV,F5 NETWORKS INC,Information TechnologyFHB,FIRST HAWAIIAN INC,FinancialsFHN,FIRST HORIZON NATIONAL CORP.,FinancialsFI,FRANK S INTERNATIONAL NV,EnergyFII,FEDERATED INVESTORS INC.,FinancialsFIS,FIDELITY NATIONAL INFORMATION SERV,Information TechnologyFISV,FISERV INC,Information TechnologyFIT,FITBIT INC CLASS A,Information TechnologyFITB,FIFTH THIRD BANCORP,FinancialsFL,FOOT LOCKER INC,Consumer DiscretionaryFLIR,FLIR SYSTEMS INC,Information TechnologyFLO,FLOWERS FOODS INC.,Consumer StaplesFLR,FLUOR CORP,IndustrialsFLS,FLOWSERVE CORP,IndustrialsFLT,FLEETCOR TECHNOLOGIES INC,Information TechnologyFMC,FMC CORP,MaterialsFNF,FIDELITY NATIONAL FINANCIAL INC,FinancialsFOX,TWENTY-FIRST CENTURY FOX INC CLASS,Consumer DiscretionaryFOXA,TWENTY FIRST CENTURY FOX INC CLASS,Consumer DiscretionaryFRC,FIRST REPUBLIC BANK,FinancialsFRT,FEDERAL REALTY INVESTMENT TRUST RE,Real EstateFSLR,FIRST SOLAR INC,Information TechnologyFTNT,FORTINET INC.,Information TechnologyFTR,FRONTIER COMMUNICATIONS CORP,TelecommunicationsFTV,FORTIVE CORP,IndustrialsG,GENPACT LTD.,Information TechnologyGD,GENERAL DYNAMICS CORP,IndustrialsGDDY,GODADDY INC CLASS A,Information TechnologyGE,GENERAL ELECTRIC,IndustrialsGGG,GRACO INC.,IndustrialsGGP,GGP INC,Real EstateGHC,GRAHAM HOLDINGS COMPANY CO CLASS B,Consumer DiscretionaryGILD,GILEAD SCIENCES INC,Health CareGIS,GENERAL MILLS INC,Consumer StaplesGLPI,GAMING AND LEISURE PROPERTIES REIT,Real EstateGLW,CORNING INC,Information TechnologyGM,GENERAL MOTORS,Consumer DiscretionaryGME,GAMESTOP CORP CLASS A,Consumer DiscretionaryGNTX,GENTEX CORP,Consumer DiscretionaryGOOG,ALPHABET INC CLASS C,Information TechnologyGOOGL,ALPHABET INC CLASS A,Information TechnologyGPC,GENUINE PARTS,Consumer DiscretionaryGPK,GRAPHIC PACKAGING HOLDING CO.,MaterialsGPN,GLOBAL PAYMENTS INC.,Information TechnologyGPOR,GULFPORT ENERGY CORP.,EnergyGPS,GAP INC,Consumer DiscretionaryGRA,W.R. GRACE & CO.,MaterialsGRMN,GARMIN LTD,Consumer DiscretionaryGRPN,GROUPON INC,Consumer DiscretionaryGS,GOLDMAN SACHS GROUP INC,FinancialsGT,GOODYEAR TIRE & RUBBER,Consumer DiscretionaryGWR,GENESEE & WYOMING INC. CL A,IndustrialsGWRE,GUIDEWIRE SOFTWARE INC,Information TechnologyGWW,WW GRAINGER INC,IndustrialsGXP,GREAT PLAINS ENERGY INC.,UtilitiesH,HYATT HOTELS CORP.,Consumer DiscretionaryHAIN,HAIN CELESTIAL GROUP INC.,Consumer StaplesHAL,HALLIBURTON,EnergyHAR,HARMAN INTERNATIONAL INDUSTRIES IN,Consumer DiscretionaryHAS,HASBRO INC,Consumer DiscretionaryHBAN,HUNTINGTON BANCSHARES INC,FinancialsHBI,HANESBRANDS INC,Consumer DiscretionaryHCA,HCA HOLDINGS INC,Health CareHCN,WELLTOWER INC,Real EstateHCP,HCP REIT INC,Real EstateHD,HOME DEPOT INC,Consumer DiscretionaryHDS,HD SUPPLY HOLDINGS INC,IndustrialsHE,HAWAIIAN ELECTRIC INDUSTRIES INC.,UtilitiesHEI,HEICO CORP.,IndustrialsHEI.A,HEICO CORP. CL A,IndustrialsHES,HESS CORP,EnergyHFC,HOLLYFRONTIER CORP,EnergyHGV,HILTON GRAND VACATIONS INC,Consumer DiscretionaryHHC,HOWARD HUGHES CORP,Real EstateHIG,HARTFORD FINANCIAL SERVICES GROUP,FinancialsHII,HUNTINGTON INGALLS INDUSTRIES INC.,IndustrialsHIW,HIGHWOODS PROPERTIES INC.,Real EstateHLF,HERBALIFE LTD,Consumer StaplesHLT,HILTON WORLDWIDE HOLDINGS INC,Consumer DiscretionaryHOG,HARLEY DAVIDSON INC,Consumer DiscretionaryHOLX,HOLOGIC INC.,Health CareHON,HONEYWELL INTERNATIONAL INC,IndustrialsHP,HELMERICH & PAYNE INC,EnergyHPE,HEWLETT PACKARD ENTERPRISE,Information TechnologyHPQ,HP INC,Information TechnologyHPT,HOSPITALITY PROPERTIES TRUST REIT,Real EstateHRB,H&R BLOCK INC,Consumer DiscretionaryHRC,HILL-ROM HOLDINGS INC.,Health CareHRI,HERC HOLDINGS INC,IndustrialsHRL,HORMEL FOODS CORP,Consumer StaplesHRS,HARRIS CORP,Information TechnologyHSIC,HENRY SCHEIN INC,Health CareHST,HOST HOTELS & RESORTS REIT INC,Real EstateHSY,HERSHEY FOODS,Consumer StaplesHTA,HEALTHCARE TRUST OF AMERICA REIT C,Real EstateHTZ,HERTZ GLOBAL HOLDINGS INC,IndustrialsHUBB,HUBBELL INC,IndustrialsHUM,HUMANA INC,Health CareHUN,HUNTSMAN CORP.,MaterialsHXL,HEXCEL CORP.,IndustrialsIAC,IAC INTERACTIVE,Information TechnologyIBKR,INTERACTIVE BROKERS GROUP INC.,FinancialsIBM,INTERNATIONAL BUSINESS MACHINES CO,Information TechnologyICE,INTERCONTINENTAL EXCHANGE INC,FinancialsICPT,INTERCEPT PHARMACEUTICALS INC,Health CareIDXX,IDEXX LABORATORIES INC.,Health CareIEX,IDEX CORP.,IndustrialsIFF,INTERNATIONAL FLAVORS & FRAGRANCES,MaterialsIGT,INTERNATIONAL GAME TECHNOLOGY PLC,Consumer DiscretionaryILMN,ILLUMINA INC,Health CareINCY,INCYTE CORP,Health CareINGR,INGREDION INC,Consumer StaplesINOV,INOVALON HOLDINGS INC CLASS A,Health CareINT,WORLD FUEL SERVICES CORP.,EnergyINTC,INTEL CORPORATION CORP,Information TechnologyINTU,INTUIT INC,Information TechnologyIONS,IONIS PHARMACEUTICALS INC,Health CareIP,INTERNATIONAL PAPER,MaterialsIPG,INTERPUBLIC GROUP OF COMPANIES INC,Consumer DiscretionaryIPGP,IPG PHOTONICS CORP.,Information TechnologyIR,INGERSOLL-RAND PLC,IndustrialsIRM,IRON MOUNTAIN INC,Real EstateISRG,INTUITIVE SURGICAL INC,Health CareIT,GARTNER INC.,Information TechnologyITT,ITT INC,IndustrialsITW,ILLINOIS TOOL INC,IndustrialsIVZ,INVESCO LTD,FinancialsJBHT,JB HUNT TRANSPORT SERVICES INC,IndustrialsJBL,JABIL CIRCUIT INC,Information TechnologyJBLU,JETBLUE AIRWAYS CORP.,IndustrialsJCI,JOHNSON CONTROLS INTERNATIONAL PLC,IndustrialsJCP,JC PENNEY INC,Consumer DiscretionaryJEC,JACOBS ENGINEERING GROUP INC,IndustrialsJKHY,JACK HENRY & ASSOCIATES INC.,Information TechnologyJLL,JONES LANG LASALLE INC.,Real EstateJNJ,JOHNSON & JOHNSON,Health CareJNPR,JUNIPER NETWORKS INC,Information TechnologyJPM,JPMORGAN CHASE & CO,FinancialsJUNO,JUNO THERAPEUTICS INC,Health CareJW.A,JOHN WILEY & SONS INC. CL A,Consumer DiscretionaryJWN,NORDSTROM INC,Consumer DiscretionaryK,KELLOGG,Consumer StaplesKAR,KAR AUCTION SERVICES INC.,IndustrialsKATE,KATE SPADE,Consumer DiscretionaryKBR,KBR INC,IndustrialsKEX,KIRBY CORP.,IndustrialsKEY,KEYCORP,FinancialsKEYS,KEYSIGHT TECHNOLOGIES INC,Information TechnologyKHC,KRAFT HEINZ,Consumer StaplesKIM,KIMCO REALTY REIT CORP,Real EstateKLAC,KLA TENCOR CORP,Information TechnologyKMB,KIMBERLY CLARK CORP,Consumer StaplesKMI,KINDER MORGAN INC,EnergyKMX,CARMAX INC,Consumer DiscretionaryKO,COCA-COLA,Consumer StaplesKORS,MICHAEL KORS HOLDINGS LTD,Consumer DiscretionaryKOS,KOSMOS ENERGY LTD.,EnergyKR,KROGER,Consumer StaplesKRC,KILROY REALTY CORP.,Real EstateKSS,KOHLS CORP,Consumer DiscretionaryKSU,KANSAS CITY SOUTHERN,IndustrialsL,LOEWS CORP,FinancialsLAMR,LAMAR ADVERTISING COMPANY CLAS,Real EstateLAZ,LAZARD LTD CLASS A,FinancialsLB,L BRANDS INC,Consumer DiscretionaryLBRDA,LIBERTY BROADBAND CORP SERIES A,Consumer DiscretionaryLBRDK,LIBERTY BROADBAND CORP SERIES C,Consumer DiscretionaryLDOS,LEIDOS HOLDINGS INC,Information TechnologyLEA,LEAR CORP,Consumer DiscretionaryLECO,LINCOLN ELECTRIC HOLDINGS INC.,IndustrialsLEG,LEGGETT & PLATT INC,Consumer DiscretionaryLEN,LENNAR A CORP,Consumer DiscretionaryLEN.B,LENNAR CORP. CL B,Consumer DiscretionaryLEXEA,LIBERTY EXPEDIA HOLDINGS INC SERIE,Consumer DiscretionaryLGFA,LIONS GATE ENTERTAINMENT VOTING CO,Consumer DiscretionaryLGFB,LIONS GATE ENTERTAINMENT NON VOTIN,Consumer DiscretionaryLH,LABORATORY CORPORATION OF AMERICA,Health CareLII,LENNOX INTERNATIONAL INC.,IndustrialsLKQ,LKQ CORP,Consumer DiscretionaryLKSD,LSC COMMUNICATIONS INC,IndustrialsLLL,L3 TECHNOLOGIES INC,IndustrialsLLTC,LINEAR TECHNOLOGY CORP,Information TechnologyLLY,ELI LILLY,Health CareLM,LEGG MASON INC,FinancialsLMT,LOCKHEED MARTIN CORP,IndustrialsLNC,LINCOLN NATIONAL CORP,FinancialsLNG,CHENIERE ENERGY INC,EnergyLNT,ALLIANT ENERGY CORP,UtilitiesLOGM,LOGMEIN INC,Information TechnologyLOW,LOWES COMPANIES INC,Consumer DiscretionaryLPI,LAREDO PETROLEUM INC,EnergyLPLA,LPL FINANCIAL HOLDINGS INC.,FinancialsLPNT,LIFEPOINT HEALTH INC,Health CareLPT,LIBERTY PROPERTY REIT TRUST,Real EstateLRCX,LAM RESEARCH CORP,Information TechnologyLSI,LIFE STORAGE INC,Real EstateLSTR,LANDSTAR SYSTEM INC.,IndustrialsLSXMA,LIBERTY MEDIA LIBERTY SIRIUSXM COR,Consumer DiscretionaryLSXMK,LIBERTY MEDIA LIBERTY SIRIUSXM COR,Consumer DiscretionaryLUK,LEUCADIA NATIONAL CORP,FinancialsLULU,LULULEMON ATHLETICA INC,Consumer DiscretionaryLUV,SOUTHWEST AIRLINES,IndustrialsLVLT,LEVEL COMMUNICATIONS INC,TelecommunicationsLVNTA,LIBERTY INTERACTIVE VENTURE CORP S,Consumer DiscretionaryLVS,LAS VEGAS SANDS CORP,Consumer DiscretionaryLW,LAMB WESTON HOLDINGS INC,Consumer StaplesLYB,LYONDELLBASELL INDUSTRIES NV CLASS,MaterialsLYV,LIVE NATION ENTERTAINMENT INC.,Consumer DiscretionaryM,MACYS INC,Consumer DiscretionaryMA,MASTERCARD INC CLASS A,Information TechnologyMAA,MID-AMERICA APARTMENT COMMUNITIES,Real EstateMAC,MACERICH REIT,Real EstateMAN,MANPOWERGROUP,IndustrialsMANH,MANHATTAN ASSOCIATES INC.,Information TechnologyMAR,MARRIOTT INTERNATIONAL INC CLASS A,Consumer DiscretionaryMAS,MASCO CORP,IndustrialsMAT,MATTEL INC,Consumer DiscretionaryMCD,MCDONALDS CORP,Consumer DiscretionaryMCHP,MICROCHIP TECHNOLOGY INC,Information TechnologyMCK,MCKESSON CORP,Health CareMCO,MOODYS CORP,FinancialsMCY,MERCURY GENERAL CORP.,FinancialsMD,MEDNAX INC.,Health CareMDLZ,MONDELEZ INTERNATIONAL INC CLASS A,Consumer StaplesMDRX,ALLSCRIPTS HEALTHCARE SOLUTIONS IN,Health CareMDT,MEDTRONIC PLC,Health CareMDU,MDU RESOURCES GROUP INC,UtilitiesMET,METLIFE INC,FinancialsMFA,MFA FINANCIAL INC.,FinancialsMFS,MANITOWOC FOODSERVICE INC,IndustrialsMGM,MGM RESORTS INTERNATIONAL,Consumer DiscretionaryMHK,MOHAWK INDUSTRIES INC,Consumer DiscretionaryMIC,MACQUARIE INFRASTRUCTURE CORP,IndustrialsMIDD,MIDDLEBY CORP.,IndustrialsMIK,MICHAELS COMPANIES INC,Consumer DiscretionaryMJN,MEAD JOHNSON NUTRITION,Consumer StaplesMKC,MCCORMICK & CO NON-VOTING INC,Consumer StaplesMKL,MARKEL CORP,FinancialsMKTX,MARKETAXESS HOLDINGS INC.,FinancialsMLM,MARTIN MARIETTA MATERIALS INC.,MaterialsMMC,MARSH & MCLENNAN INC,FinancialsMMM,3M CO,IndustrialsMNK,MALLINCKRODT PLC,Health CareMNST,MONSTER BEVERAGE CORP,Consumer StaplesMO,ALTRIA GROUP INC,Consumer StaplesMON,MONSANTO,MaterialsMORN,MORNINGSTAR INC.,FinancialsMOS,MOSAIC,MaterialsMPC,MARATHON PETROLEUM CORP,EnergyMRK,MERCK & CO INC,Health CareMRO,MARATHON OIL CORP,EnergyMRVL,MARVELL TECHNOLOGY GROUP LTD,Information TechnologyMS,MORGAN STANLEY,FinancialsMSCI,MSCI INC,FinancialsMSFT,MICROSOFT CORP,Information TechnologyMSG,MADISON SQUARE GARDEN CLASS A,Consumer DiscretionaryMSI,MOTOROLA SOLUTIONS INC,Information TechnologyMSM,MSC INDUSTRIAL DIRECT CO. CL A,IndustrialsMTB,M&T BANK CORP,FinancialsMTCH,MATCH GROUP INC,Information TechnologyMTD,METTLER TOLEDO INC,Health CareMTN,VAIL RESORTS INC.,Consumer DiscretionaryMU,MICRON TECHNOLOGY INC,Information TechnologyMUR,MURPHY OIL CORP,EnergyMUSA,MURPHY USA INC,Consumer DiscretionaryMXIM,MAXIM INTEGRATED PRODUCTS INC,Information TechnologyMYL,MYLAN NV,Health CareNATI,NATIONAL INSTRUMENTS CORP.,Information TechnologyNAVI,NAVIENT CORP,FinancialsNBIX,NEUROCRINE BIOSCIENCES INC.,Health CareNBL,NOBLE ENERGY INC,EnergyNBR,NABORS INDUSTRIES LTD,EnergyNCLH,NORWEGIAN CRUISE LINE HOLDINGS LTD,Consumer DiscretionaryNCR,NCR CORP,Information TechnologyNDAQ,NASDAQ INC,FinancialsNDSN,NORDSON CORP.,IndustrialsNE,NOBLE CORP PLC,EnergyNEE,NEXTERA ENERGY INC,UtilitiesNEM,NEWMONT MINING CORP,MaterialsNEU,NEWMARKET CORPORATION,MaterialsNFG,NATIONAL FUEL GAS,UtilitiesNFLX,NETFLIX INC,Consumer DiscretionaryNFX,NEWFIELD EXPLORATION,EnergyNI,NISOURCE INC,UtilitiesNKE,NIKE INC CLASS B,Consumer DiscretionaryNLSN,NIELSEN HOLDINGS PLC,IndustrialsNLY,ANNALY CAPITAL MANAGEMENT REIT INC,FinancialsNNN,NATIONAL RETAIL PROPERTIES INC.,Real EstateNOC,NORTHROP GRUMMAN CORP,IndustrialsNOV,NATIONAL OILWELL VARCO INC,EnergyNOW,SERVICENOW INC,Information TechnologyNRG,NRG ENERGY INC,UtilitiesNSC,NORFOLK SOUTHERN CORP,IndustrialsNTAP,NETAPP INC,Information TechnologyNTNX,NUTANIX INC,Information TechnologyNTRS,NORTHERN TRUST CORP TRUST,FinancialsNUAN,NUANCE COMMUNICATIONS INC,Information TechnologyNUE,NUCOR CORP,MaterialsNUS,NU SKIN ENTERPRISES INC CLASS A,Consumer StaplesNVDA,NVIDIA CORP,Information TechnologyNVR,NVR INC,Consumer DiscretionaryNWL,NEWELL BRANDS INC,Consumer DiscretionaryNWS,NEWS CORP CLASS B,Consumer DiscretionaryNWSA,NEWS CORP CLASS A,Consumer DiscretionaryNYCB,NEW YORK COMMUNITY BANCORP INC,FinancialsO,REALTY INCOME REIT CORP,Real EstateOA,ORBITAL ATK INC,IndustrialsOC,OWENS CORNING,IndustrialsODFL,OLD DOMINION FREIGHT LINE INC.,IndustrialsOFC,CORPORATE OFFICE PROPERTIES TRUST,Real EstateOGE,OGE ENERGY CORP.,UtilitiesOHI,OMEGA HEALTHCARE INVESTORS REIT IN,Real EstateOI,OWENS ILLINOIS INC,MaterialsOII,OCEANEERING INTERNATIONAL INC,EnergyOKE,ONEOK INC,EnergyOMC,OMNICOM GROUP INC,Consumer DiscretionaryOMF,ONEMAIN HOLDINGS INC,FinancialsON,ON SEMICONDUCTOR CORP,Information TechnologyOPK,OPKO HEALTH INC,Health CareORCL,ORACLE CORP,Information TechnologyORI,OLD REPUBLIC INTERNATIONAL CORP,FinancialsORLY,OREILLY AUTOMOTIVE INC,Consumer DiscretionaryOSK,OSHKOSH CORP.,IndustrialsOUT,OUTFRONT MEDIA INC,Real EstateOXY,OCCIDENTAL PETROLEUM CORP,EnergyP,PANDORA MEDIA INC.,Information TechnologyPACW,PACWEST BANCORP,FinancialsPAG,PENSKE AUTOMOTIVE GROUP INC.,Consumer DiscretionaryPAH,PLATFORM SPECIALTY PRODUCTS CORP,MaterialsPANW,PALO ALTO NETWORKS INC.,Information TechnologyPAY,VERIFONE SYSTEMS INC.,Information TechnologyPAYX,PAYCHEX INC,Information TechnologyPBCT,PEOPLES UNITED FINANCIAL INC,FinancialsPBF,PBF ENERGY INC CLASS A,EnergyPBI,PITNEY BOWES INC,IndustrialsPCAR,PACCAR INC,IndustrialsPCG,PG&E CORP,UtilitiesPCLN,PRICELINE GROUP INC/THE,Consumer DiscretionaryPDCO,PATTERSON COMPANIES INC,Health CarePDM,PIEDMONT OFFICE REALTY TRUST REIT,Real EstatePE,PARSLEY ENERGY INC CLASS A,EnergyPEG,PUBLIC SERVICE ENTERPRISE GROUP IN,UtilitiesPEP,PEPSICO INC,Consumer StaplesPF,PINNACLE FOODS INC.,Consumer StaplesPFE,PFIZER INC,Health CarePFG,PRINCIPAL FINANCIAL GROUP INC,FinancialsPG,PROCTER & GAMBLE,Consumer StaplesPGR,PROGRESSIVE CORP,FinancialsPGRE,PARAMOUNT GROUP REIT INC,Real EstatePH,PARKER-HANNIFIN CORP,IndustrialsPHM,PULTEGROUP INC,Consumer DiscretionaryPII,POLARIS INDUSTRIES INC,Consumer DiscretionaryPINC,PREMIER INC CLASS A,Health CarePK,PARK HOTELS RESORTS INC,Real EstatePKG,PACKAGING CORP OF AMERICA CORP,MaterialsPKI,PERKINELMER INC.,Health CarePLD,PROLOGIS REIT INC,Real EstatePM,PHILIP MORRIS INTERNATIONAL INC,Consumer StaplesPNC,PNC FINANCIAL SERVICES GROUP INC,FinancialsPNR,PENTAIR,IndustrialsPNRA,PANERA BREAD CO. CL A,Consumer DiscretionaryPNW,PINNACLE WEST CORP,UtilitiesPOOL,POOL CORP.,Consumer DiscretionaryPOST,POST HOLDINGS INC.,Consumer StaplesPPC,PILGRIMS PRIDE CORP.,Consumer StaplesPPG,PPG INDUSTRIES INC,MaterialsPPL,PPL CORP,UtilitiesPRA,PROASSURANCE CORP.,FinancialsPRGO,PERRIGO PLC,Health CarePRU,PRUDENTIAL FINANCIAL INC,FinancialsPSA,PUBLIC STORAGE REIT,Real EstatePSX,PHILLIPS 66,EnergyPTC,PTC INC,Information TechnologyPTEN,PATTERSON UTI ENERGY INC,EnergyPTHN,PATHEON NV,Health CarePVH,PVH CORP,Consumer DiscretionaryPWR,QUANTA SERVICES INC.,IndustrialsPX,PRAXAIR INC,MaterialsPXD,PIONEER NATURAL RESOURCE,EnergyPYPL,PAYPAL HOLDINGS INC,Information TechnologyQ,QUINTILES IMS INC,Health CareQCOM,QUALCOMM INC,Information TechnologyQCP,QUALITY CARE PROPERTIES INC,Real EstateQEP,QEP RESOURCES INC,EnergyQGEN,QIAGEN NV,Health CareQRVO,QORVO INC,Information TechnologyQVCA,LIBERTY INTERACTIVE QVC GROUP CORP,Consumer DiscretionaryR,RYDER SYSTEM INC,IndustrialsRAD,RITE AID CORP.,Consumer StaplesRAI,REYNOLDS AMERICAN INC,Consumer StaplesRBC,REGAL-BELOIT CORP.,IndustrialsRCL,ROYAL CARIBBEAN CRUISES LTD,Consumer DiscretionaryRDC,ROWAN COMPANIES CLASS A PLC,EnergyRE,EVEREST RE GROUP LTD,FinancialsREG,REGENCY CENTERS REIT CORP,Real EstateREGN,REGENERON PHARMACEUTICALS INC,Health CareRES,RPC INC.,EnergyRF,REGIONS FINANCIAL CORP,FinancialsRGA,REINSURANCE GROUP OF AMERICA INC.,FinancialsRGC,REGAL ENTERTAINMENT GROUP,Consumer DiscretionaryRGLD,ROYAL GOLD INC.,MaterialsRHI,ROBERT HALF,IndustrialsRHT,RED HAT INC,Information TechnologyRICE,RICE ENERGY INC,EnergyRIG,TRANSOCEAN LTD,EnergyRJF,RAYMOND JAMES FINANCIAL INC.,FinancialsRL,RALPH LAUREN CORPORATION,Consumer DiscretionaryRLGY,REALOGY HOLDINGS CORP.,Real EstateRMD,RESMED INC.,Health CareRNR,RENAISSANCERE HOLDING LTD,FinancialsROK,ROCKWELL AUTOMATION INC,IndustrialsROL,ROLLINS INC,IndustrialsROP,ROPER TECHNOLOGIES INC,IndustrialsROST,ROSS STORES INC,Consumer DiscretionaryRPAI,RETAIL PROPERTIES OF AMERICA REIT,Real EstateRPM,RPM INTERNATIONAL INC.,MaterialsRRC,RANGE RESOURCES CORP,EnergyRRD,RR DONNELLEY AND SONS,IndustrialsRS,RELIANCE STEEL & ALUMINUM,MaterialsRSG,REPUBLIC SERVICES INC,IndustrialsRTN,RAYTHEON,IndustrialsRYN,RAYONIER REIT INC,Real EstateS,SPRINT CORP,TelecommunicationsSABR,SABRE CORP,Information TechnologySATS,ECHOSTAR CORP.,Information TechnologySAVE,SPIRIT AIRLINES INC.,IndustrialsSBAC,SBA COMMUNICATIONS CORP CLASS A,TelecommunicationsSBH,SALLY BEAUTY HOLDINGS INC.,Consumer DiscretionarySBNY,SIGNATURE BANK,FinancialsSBUX,STARBUCKS CORP,Consumer DiscretionarySC,SANTANDER CONSUMER USA HOLDINGS IN,FinancialsSCCO,SOUTHERN COPPER CORP,MaterialsSCG,SCANA CORP,UtilitiesSCHW,CHARLES SCHWAB CORP,FinancialsSCI,SERVICE,Consumer DiscretionarySE,SPECTRA ENERGY CORP,EnergySEE,SEALED AIR CORP,MaterialsSEIC,SEI INVESTMENTS,FinancialsSERV,SERVICEMASTER GLOBAL HOLDINGS INC,Consumer DiscretionarySFM,SPROUTS FARMERS MARKET INC,Consumer StaplesSGEN,SEATTLE GENETICS INC.,Health CareSHW,SHERWIN WILLIAMS,MaterialsSIG,SIGNET JEWELERS LTD,Consumer DiscretionarySIRI,SIRIUS XM HOLDINGS INC,Consumer DiscretionarySIVB,SVB FINANCIAL GROUP,FinancialsSIX,SIX FLAGS ENTERTAINMENT CORP.,Consumer DiscretionarySJM,JM SMUCKER,Consumer StaplesSKT,TANGER FACTORY OUTLET CENTERS INC.,Real EstateSKX,SKECHERS USA INC. CL A,Consumer DiscretionarySLB,SCHLUMBERGER NV,EnergySLG,SL GREEN REALTY REIT CORP,Real EstateSLGN,SILGAN HOLDINGS INC.,MaterialsSLM,SLM CORP,FinancialsSM,SM ENERGY CO.,EnergySMG,SCOTTS MIRACLE-GRO CO.,MaterialsSNA,SNAP-ON INC.,IndustrialsSNH,SENIOR HOUSING PROPERTIES TRUST RE,Real EstateSNI,SCRIPPS NETWORKS INTERACTIVE INC C,Consumer DiscretionarySNPS,SYNOPSYS INC,Information TechnologySNV,SYNOVUS FINANCIAL CORP,FinancialsSO,SOUTHERN,UtilitiesSON,SONOCO PRODUCTS CO.,MaterialsSPB,SPECTRUM BRANDS HOLDINGS INC,Consumer StaplesSPG,SIMON PROPERTY GROUP REIT INC,Real EstateSPGI,S&P GLOBAL INC,FinancialsSPLK,SPLUNK INC,Information TechnologySPLS,STAPLES INC,Consumer DiscretionarySPN,SUPERIOR ENERGY SERVICES INC.,EnergySPR,SPIRIT AEROSYSTEMS HOLDINGS INC. C,IndustrialsSPWR,SUNPOWER CORP.,Information TechnologySQ,SQUARE INC CLASS A,Information TechnologySRC,SPIRIT REALTY CAPITAL REIT INC,Real EstateSRCL,STERICYCLE INC,IndustrialsSRE,SEMPRA ENERGY,UtilitiesSSNC,SS&C TECHNOLOGIES HOLDINGS INC.,Information TechnologySTAY,EXTENDED STAY AMERICA UNITS INC,Consumer DiscretionarySTI,SUNTRUST BANKS INC,FinancialsSTLD,STEEL DYNAMICS INC.,MaterialsSTOR,STORE CAPITAL CORP,Real EstateSTT,STATE STREET CORP,FinancialsSTWD,STARWOOD PROPERTY TRUST REIT INC,FinancialsSTZ,CONSTELLATION BRANDS INC CLASS A,Consumer StaplesSUI,SUN COMMUNITIES INC.,Real EstateSWK,STANLEY BLACK & DECKER INC,IndustrialsSWKS,SKYWORKS SOLUTIONS INC,Information TechnologySWN,SOUTHWESTERN ENERGY,EnergySYF,SYNCHRONY FINANCIAL,FinancialsSYK,STRYKER CORP,Health CareSYMC,SYMANTEC CORP,Information TechnologySYY,SYSCO CORP,Consumer StaplesT,AT&T INC,TelecommunicationsTAHO,TAHOE RESOURCES INC,MaterialsTAP,MOLSON COORS BREWING CLASS B,Consumer StaplesTCB,TCF FINANCIAL CORP,FinancialsTCO,TAUBMAN CENTERS REIT INC,Real EstateTDC,TERADATA CORP,Information TechnologyTDG,TRANSDIGM GROUP INC,IndustrialsTDS,TELEPHONE & DATA SYSTEMS INC.,TelecommunicationsTEAM,ATLASSIAN PLC CLASS A,Information TechnologyTECH,BIO TECHNE CORP,Health CareTER,TERADYNE INC.,Information TechnologyTEX,TEREX CORP.,IndustrialsTFSL,TFS FINANCIAL CORP.,FinancialsTFX,TELEFLEX INC.,Health CareTGNA,TEGNA INC,Consumer DiscretionaryTGT,TARGET CORP,Consumer DiscretionaryTHC,TENET HEALTHCARE CORP.,Health CareTHG,THE HANOVER INSURANCE GROUP INC.,FinancialsTHO,THOR INDUSTRIES INC.,Consumer DiscretionaryTHS,TREEHOUSE FOODS INC.,Consumer StaplesTIF,TIFFANY,Consumer DiscretionaryTJX,TJX INC,Consumer DiscretionaryTKR,TIMKEN CO.,IndustrialsTMK,TORCHMARK CORP,FinancialsTMO,THERMO FISHER SCIENTIFIC INC,Health CareTMUS,T MOBILE US INC,TelecommunicationsTOL,TOLL BROTHERS INC,Consumer DiscretionaryTPX,TEMPUR SEALY INTERNATIONAL INC,Consumer DiscretionaryTRCO,TRIBUNE MEDIA COMPANY CLASS A,Consumer DiscretionaryTRGP,TARGA RESOURCES CORP.,EnergyTRI,THOMSON REUTERS CORP,FinancialsTRIP,TRIPADVISOR INC,Consumer DiscretionaryTRMB,TRIMBLE INC,Information TechnologyTRN,TRINITY INDUSTRIES INC.,IndustrialsTROW,T ROWE PRICE GROUP INC,FinancialsTRU,TRANSUNION,IndustrialsTRV,TRAVELERS COMPANIES INC,FinancialsTSCO,TRACTOR SUPPLY,Consumer DiscretionaryTSLA,TESLA MOTORS INC,Consumer DiscretionaryTSN,TYSON FOODS INC CLASS A,Consumer StaplesTSO,TESORO CORP.,EnergyTSS,TOTAL SYSTEM SERVICES INC,Information TechnologyTTC,TORO CO.,IndustrialsTUP,TUPPERWARE BRANDS CORP.,Consumer DiscretionaryTWLO,TWILIO INC CLASS A,Information TechnologyTWO,TWO HARBORS INVESTMENT REIT CORP,FinancialsTWTR,TWITTER INC,Information TechnologyTWX,TIME WARNER INC,Consumer DiscretionaryTXN,TEXAS INSTRUMENTS INCORPORATED,Information TechnologyTXT,TEXTRON INC,IndustrialsTYL,TYLER TECHNOLOGIES INC.,Information TechnologyUA,UNDER ARMOUR INC CLASS C,Consumer DiscretionaryUAA,UNDER ARMOUR INC CLASS A,Consumer DiscretionaryUAL,UNITED CONTINENTAL HOLDINGS INC,IndustrialsUBFUT,CASH COLLATERAL USD UBFUT,Cash and/or DerivativesUDR,UDR INC.,Real EstateUFS,DOMTAR CORP,MaterialsUGI,UGI CORP.,UtilitiesUHAL,AMERCO,IndustrialsUHS,UNIVERSAL HEALTH SERVICES INC CLAS,Health CareULTA,ULTA BEAUTY INC,Consumer DiscretionaryULTI,ULTIMATE SOFTWARE GROUP INC.,Information TechnologyUNH,UNITEDHEALTH GROUP INC,Health CareUNM,UNUM GROUP,FinancialsUNP,UNION PACIFIC CORP,IndustrialsUPS,UNITED PARCEL SERVICE INC CLASS B,IndustrialsURBN,URBAN OUTFITTERS INC,Consumer DiscretionaryURI,UNITED RENTALS INC,IndustrialsUSB,US BANCORP,FinancialsUSD,USD CASH,Cash and/or DerivativesUSFD,US FOODS HOLDING CORP,Consumer StaplesUSG,USG CORP.,IndustrialsUSM,U.S. CELLULAR CORP.,TelecommunicationsUTHR,UNITED THERAPEUTICS CORP.,Health CareUTX,UNITED TECHNOLOGIES CORP,IndustrialsV,VISA INC CLASS A,Information TechnologyVAL,VALSPAR CORP.,MaterialsVAR,VARIAN MEDICAL SYSTEMS INC,Health CareVC,VISTEON CORP.,Consumer DiscretionaryVEEV,VEEVA SYSTEMS INC CLASS A,Health CareVER,VEREIT INC,Real EstateVFC,VF CORP,Consumer DiscretionaryVIA,VIACOM INC. CL A,Consumer DiscretionaryVIAB,VIACOM INC CLASS B,Consumer DiscretionaryVLO,VALERO ENERGY CORP,EnergyVMC,VULCAN MATERIALS,MaterialsVMI,VALMONT INDS INC,IndustrialsVMW,VMWARE INC CLASS A,Information TechnologyVNO,VORNADO REALTY TRUST REIT TRUST,Real EstateVNTV,VANTIV INC CLASS A,Information TechnologyVOYA,VOYA FINANCIAL INC,FinancialsVR,VALIDUS HOLDINGS LTD.,FinancialsVREX,VAREX IMAGING CORP,Health CareVRSK,VERISK ANALYTICS INC,IndustrialsVRSN,VERISIGN INC,Information TechnologyVRTX,VERTEX PHARMACEUTICALS INC,Health CareVSM,VERSUM MATERIALS INC,Information TechnologyVSTO,VISTA OUTDOOR INC,Consumer DiscretionaryVTR,VENTAS REIT INC,Real EstateVVC,VECTREN CORP.,UtilitiesVVV,VALVOLINE INC,MaterialsVWR,VWR CORP CORP,Health CareVZ,VERIZON COMMUNICATIONS INC,TelecommunicationsWAB,WESTINGHOUSE AIR BRAKE TECHNOLOGIE,IndustrialsWAL,WESTERN ALLIANCE,FinancialsWAT,WATER CORP CORP,Health CareWBA,WALGREEN BOOTS ALLIANCE,Consumer StaplesWBC,WABCO HOLDINGS INC.,IndustrialsWCC,WESCO INTERNATIONAL INC.,IndustrialsWCG,WELLCARE HEALTH PLANS INC.,Health CareWDAY,WORKDAY INC CLASS A,Information TechnologyWDC,WESTERN DIGITAL CORP,Information TechnologyWEC,WEC ENERGY GROUP INC,UtilitiesWEN,THE WENDYS CO.,Consumer DiscretionaryWEX,WEX INC.,Information TechnologyWFC,WELLS FARGO,FinancialsWFM,WHOLE FOODS MARKET INC,Consumer StaplesWFT,WEATHERFORD INTERNATIONAL PLC,EnergyWHR,WHIRLPOOL CORP,Consumer DiscretionaryWLK,WESTLAKE CHEMICAL CORP,MaterialsWLL,WHITING PETROLEUM CORP,EnergyWM,WASTE MANAGEMENT INC,IndustrialsWMB,WILLIAMS INC,EnergyWMT,WALMART STORES INC,Consumer StaplesWOOF,VCA INC,Health CareWPC,W. P. CAREY REIT INC,Real EstateWPX,WPX ENERGY INC,EnergyWR,WESTAR ENERGY INC.,UtilitiesWRB,WR BERKLEY CORP,FinancialsWRI,WEINGARTEN REALTY INVESTORS REIT,Real EstateWRK,WESTROCK,MaterialsWSM,WILLIAMS-SONOMA INC.,Consumer DiscretionaryWSO,WATSCO INC.,IndustrialsWST,WEST PHARMACEUTICAL SERVICES INC.,Health CareWTM,WHITE MOUNTAINS INSURANCE GROUP LT,FinancialsWTR,AQUA AMERICA INC.,UtilitiesWU,WESTERN UNION,Information TechnologyWWAV,WHITEWAVE FOODS,Consumer StaplesWY,WEYERHAEUSER REIT,Real EstateWYN,WYNDHAM WORLDWIDE CORP,Consumer DiscretionaryWYNN,WYNN RESORTS LTD,Consumer DiscretionaryX,US STEEL CORP CORP,MaterialsXEC,CIMAREX ENERGY,EnergyXEL,XCEL ENERGY INC,UtilitiesXL,XL GROUP LTD,FinancialsXLNX,XILINX INC,Information TechnologyXOG,EXTRACTION OIL GAS INC,EnergyXOM,EXXON MOBIL CORP,EnergyXON,INTREXON CORP,Health CareXRAY,DENTSPLY SIRONA INC,Health CareXRX,XEROX CORP,Information TechnologyXYL,XYLEM INC,IndustrialsY,ALLEGHANY CORP,FinancialsYELP,YELP INC,Information TechnologyYHOO,YAHOO! INC,Information TechnologyYUM,YUM BRANDS INC,Consumer DiscretionaryYUMC,YUM CHINA HOLDINGS INC,Consumer DiscretionaryZ,ZILLOW GROUP INC CLASS C,Information TechnologyZAYO,ZAYO GROUP HOLDINGS INC,TelecommunicationsZBH,ZIMMER BIOMET HOLDINGS INC,Health CareZBRA,ZEBRA TECHNOLOGIES CORP. CL A,Information TechnologyZG,ZILLOW GROUP INC CLASS A,Information TechnologyZION,ZIONS BANCORPORATION,FinancialsZNGA,ZYNGA INC,Information TechnologyZTS,ZOETIS INC CLASS A,Health Care